Component,Origin,License
core,"code.cloudfoundry.org/bbs",Apache-2.0
core,"code.cloudfoundry.org/bbs/encryption",Apache-2.0
core,"code.cloudfoundry.org/bbs/events",Apache-2.0
core,"code.cloudfoundry.org/bbs/format",Apache-2.0
core,"code.cloudfoundry.org/bbs/models",Apache-2.0
core,"code.cloudfoundry.org/cfhttp/v2",Apache-2.0
core,"code.cloudfoundry.org/garden",Apache-2.0
core,"code.cloudfoundry.org/garden/client",Apache-2.0
core,"code.cloudfoundry.org/garden/client/connection",Apache-2.0
core,"code.cloudfoundry.org/garden/gardenfakes",Apache-2.0
core,"code.cloudfoundry.org/garden/routes",Apache-2.0
core,"code.cloudfoundry.org/garden/transport",Apache-2.0
core,"code.cloudfoundry.org/lager",Apache-2.0
core,"code.cloudfoundry.org/tlsconfig",Apache-2.0
core,"github.com/DataDog/agent-payload/gogen",NewBSD
core,"github.com/DataDog/agent-payload/process",NewBSD
core,"github.com/DataDog/datadog-go/statsd",MIT
core,"github.com/DataDog/datadog-operator/pkg/apis/datadoghq/v1alpha1",Apache-2.0
core,"github.com/DataDog/datadog-operator/pkg/generated/clientset/versioned",Apache-2.0
core,"github.com/DataDog/datadog-operator/pkg/generated/clientset/versioned/fake",Apache-2.0
core,"github.com/DataDog/datadog-operator/pkg/generated/clientset/versioned/scheme",Apache-2.0
core,"github.com/DataDog/datadog-operator/pkg/generated/clientset/versioned/typed/datadoghq/v1alpha1",Apache-2.0
core,"github.com/DataDog/datadog-operator/pkg/generated/clientset/versioned/typed/datadoghq/v1alpha1/fake",Apache-2.0
core,"github.com/DataDog/datadog-operator/pkg/generated/informers/externalversions",Apache-2.0
core,"github.com/DataDog/datadog-operator/pkg/generated/informers/externalversions/datadoghq",Apache-2.0
core,"github.com/DataDog/datadog-operator/pkg/generated/informers/externalversions/datadoghq/v1alpha1",Apache-2.0
core,"github.com/DataDog/datadog-operator/pkg/generated/informers/externalversions/internalinterfaces",Apache-2.0
core,"github.com/DataDog/datadog-operator/pkg/generated/listers/datadoghq/v1alpha1",Apache-2.0
core,"github.com/DataDog/ebpf",MIT
core,"github.com/DataDog/ebpf/asm",MIT
core,"github.com/DataDog/ebpf/internal",MIT
core,"github.com/DataDog/ebpf/internal/btf",MIT
core,"github.com/DataDog/ebpf/internal/unix",MIT
core,"github.com/DataDog/ebpf/manager",MIT
core,"github.com/DataDog/ebpf/perf",MIT
core,"github.com/DataDog/gohai/cpu",MIT
core,"github.com/DataDog/gohai/filesystem",MIT
core,"github.com/DataDog/gohai/memory",MIT
core,"github.com/DataDog/gohai/network",MIT
core,"github.com/DataDog/gohai/platform",MIT
core,"github.com/DataDog/gohai/processes",MIT
core,"github.com/DataDog/gohai/processes/gops",MIT
core,"github.com/DataDog/gopsutil/cpu",NewBSD
core,"github.com/DataDog/gopsutil/host",NewBSD
core,"github.com/DataDog/gopsutil/internal/common",NewBSD
core,"github.com/DataDog/gopsutil/mem",NewBSD
core,"github.com/DataDog/gopsutil/net",NewBSD
core,"github.com/DataDog/gopsutil/process",NewBSD
core,"github.com/DataDog/zstd",NewBSD
core,"github.com/Masterminds/goutils",Apache-2.0
core,"github.com/Masterminds/semver",MIT
core,"github.com/Masterminds/sprig",MIT
core,"github.com/Microsoft/go-winio",MIT
core,"github.com/Microsoft/go-winio/pkg/guid",MIT
core,"github.com/Microsoft/hcsshim",MIT
core,"github.com/Microsoft/hcsshim/internal/cow",MIT
core,"github.com/Microsoft/hcsshim/internal/hcs",MIT
core,"github.com/Microsoft/hcsshim/internal/hcserror",MIT
core,"github.com/Microsoft/hcsshim/internal/hns",MIT
core,"github.com/Microsoft/hcsshim/internal/interop",MIT
core,"github.com/Microsoft/hcsshim/internal/log",MIT
core,"github.com/Microsoft/hcsshim/internal/logfields",MIT
core,"github.com/Microsoft/hcsshim/internal/longpath",MIT
core,"github.com/Microsoft/hcsshim/internal/mergemaps",MIT
core,"github.com/Microsoft/hcsshim/internal/oc",MIT
core,"github.com/Microsoft/hcsshim/internal/safefile",MIT
core,"github.com/Microsoft/hcsshim/internal/schema1",MIT
core,"github.com/Microsoft/hcsshim/internal/schema2",MIT
core,"github.com/Microsoft/hcsshim/internal/timeout",MIT
core,"github.com/Microsoft/hcsshim/internal/vmcompute",MIT
core,"github.com/Microsoft/hcsshim/internal/wclayer",MIT
core,"github.com/Microsoft/hcsshim/osversion",MIT
core,"github.com/NYTimes/gziphandler",Apache-2.0
core,"github.com/PuerkitoBio/purell",NewBSD
core,"github.com/PuerkitoBio/urlesc",NewBSD
core,"github.com/StackExchange/wmi",MIT
core,"github.com/alecthomas/participle",MIT
core,"github.com/alecthomas/participle/lexer",MIT
core,"github.com/alecthomas/participle/lexer/ebnf",MIT
core,"github.com/alecthomas/participle/lexer/ebnf/internal",MIT
core,"github.com/alecthomas/repr",MIT
core,"github.com/armon/go-metrics",MIT
core,"github.com/aws/aws-sdk-go/aws",Apache-2.0
core,"github.com/aws/aws-sdk-go/aws/awserr",Apache-2.0
core,"github.com/aws/aws-sdk-go/aws/awsutil",Apache-2.0
core,"github.com/aws/aws-sdk-go/aws/client",Apache-2.0
core,"github.com/aws/aws-sdk-go/aws/client/metadata",Apache-2.0
core,"github.com/aws/aws-sdk-go/aws/corehandlers",Apache-2.0
core,"github.com/aws/aws-sdk-go/aws/credentials",Apache-2.0
core,"github.com/aws/aws-sdk-go/aws/credentials/ec2rolecreds",Apache-2.0
core,"github.com/aws/aws-sdk-go/aws/credentials/endpointcreds",Apache-2.0
core,"github.com/aws/aws-sdk-go/aws/credentials/processcreds",Apache-2.0
core,"github.com/aws/aws-sdk-go/aws/credentials/stscreds",Apache-2.0
core,"github.com/aws/aws-sdk-go/aws/csm",Apache-2.0
core,"github.com/aws/aws-sdk-go/aws/defaults",Apache-2.0
core,"github.com/aws/aws-sdk-go/aws/ec2metadata",Apache-2.0
core,"github.com/aws/aws-sdk-go/aws/endpoints",Apache-2.0
core,"github.com/aws/aws-sdk-go/aws/request",Apache-2.0
core,"github.com/aws/aws-sdk-go/aws/session",Apache-2.0
core,"github.com/aws/aws-sdk-go/aws/signer/v4",Apache-2.0
core,"github.com/aws/aws-sdk-go/internal/context",Apache-2.0
core,"github.com/aws/aws-sdk-go/internal/ini",Apache-2.0
core,"github.com/aws/aws-sdk-go/internal/sdkio",Apache-2.0
core,"github.com/aws/aws-sdk-go/internal/sdkmath",Apache-2.0
core,"github.com/aws/aws-sdk-go/internal/sdkrand",Apache-2.0
core,"github.com/aws/aws-sdk-go/internal/sdkuri",Apache-2.0
core,"github.com/aws/aws-sdk-go/internal/shareddefaults",Apache-2.0
core,"github.com/aws/aws-sdk-go/internal/strings",Apache-2.0
core,"github.com/aws/aws-sdk-go/internal/sync/singleflight",NewBSD
core,"github.com/aws/aws-sdk-go/private/protocol",Apache-2.0
core,"github.com/aws/aws-sdk-go/private/protocol/ec2query",Apache-2.0
core,"github.com/aws/aws-sdk-go/private/protocol/json/jsonutil",Apache-2.0
core,"github.com/aws/aws-sdk-go/private/protocol/query",Apache-2.0
core,"github.com/aws/aws-sdk-go/private/protocol/query/queryutil",Apache-2.0
core,"github.com/aws/aws-sdk-go/private/protocol/rest",Apache-2.0
core,"github.com/aws/aws-sdk-go/private/protocol/xml/xmlutil",Apache-2.0
core,"github.com/aws/aws-sdk-go/service/ec2",Apache-2.0
core,"github.com/aws/aws-sdk-go/service/sts",Apache-2.0
core,"github.com/aws/aws-sdk-go/service/sts/stsiface",Apache-2.0
core,"github.com/beevik/ntp",FreeBSD
core,"github.com/benesch/cgosymbolizer",FreeBSD
core,"github.com/beorn7/perks/quantile",MIT
core,"github.com/bhmj/jsonslice",MIT
core,"github.com/blang/semver",MIT
core,"github.com/cenkalti/backoff",MIT
core,"github.com/cihub/seelog",NewBSD
core,"github.com/clbanning/mxj",MIT
core,"github.com/containerd/cgroups/stats/v1",Apache-2.0
core,"github.com/containerd/containerd",Apache-2.0
core,"github.com/containerd/containerd/api/events",Apache-2.0
core,"github.com/containerd/containerd/api/services/containers/v1",Apache-2.0
core,"github.com/containerd/containerd/api/services/content/v1",Apache-2.0
core,"github.com/containerd/containerd/api/services/diff/v1",Apache-2.0
core,"github.com/containerd/containerd/api/services/events/v1",Apache-2.0
core,"github.com/containerd/containerd/api/services/images/v1",Apache-2.0
core,"github.com/containerd/containerd/api/services/introspection/v1",Apache-2.0
core,"github.com/containerd/containerd/api/services/leases/v1",Apache-2.0
core,"github.com/containerd/containerd/api/services/namespaces/v1",Apache-2.0
core,"github.com/containerd/containerd/api/services/snapshots/v1",Apache-2.0
core,"github.com/containerd/containerd/api/services/tasks/v1",Apache-2.0
core,"github.com/containerd/containerd/api/services/version/v1",Apache-2.0
core,"github.com/containerd/containerd/api/types",Apache-2.0
core,"github.com/containerd/containerd/api/types/task",Apache-2.0
core,"github.com/containerd/containerd/archive",Apache-2.0
core,"github.com/containerd/containerd/archive/compression",Apache-2.0
core,"github.com/containerd/containerd/cio",Apache-2.0
core,"github.com/containerd/containerd/containers",Apache-2.0
core,"github.com/containerd/containerd/content",Apache-2.0
core,"github.com/containerd/containerd/content/proxy",Apache-2.0
core,"github.com/containerd/containerd/defaults",Apache-2.0
core,"github.com/containerd/containerd/diff",Apache-2.0
core,"github.com/containerd/containerd/errdefs",Apache-2.0
core,"github.com/containerd/containerd/events",Apache-2.0
core,"github.com/containerd/containerd/events/exchange",Apache-2.0
core,"github.com/containerd/containerd/filters",Apache-2.0
core,"github.com/containerd/containerd/identifiers",Apache-2.0
core,"github.com/containerd/containerd/images",Apache-2.0
core,"github.com/containerd/containerd/images/archive",Apache-2.0
core,"github.com/containerd/containerd/leases",Apache-2.0
core,"github.com/containerd/containerd/leases/proxy",Apache-2.0
core,"github.com/containerd/containerd/log",Apache-2.0
core,"github.com/containerd/containerd/mount",Apache-2.0
core,"github.com/containerd/containerd/namespaces",Apache-2.0
core,"github.com/containerd/containerd/oci",Apache-2.0
core,"github.com/containerd/containerd/pkg/dialer",Apache-2.0
core,"github.com/containerd/containerd/platforms",Apache-2.0
core,"github.com/containerd/containerd/plugin",Apache-2.0
core,"github.com/containerd/containerd/reference",Apache-2.0
core,"github.com/containerd/containerd/remotes",Apache-2.0
core,"github.com/containerd/containerd/remotes/docker",Apache-2.0
core,"github.com/containerd/containerd/remotes/docker/schema1",Apache-2.0
core,"github.com/containerd/containerd/rootfs",Apache-2.0
core,"github.com/containerd/containerd/runtime/linux/runctypes",Apache-2.0
core,"github.com/containerd/containerd/snapshots",Apache-2.0
core,"github.com/containerd/containerd/snapshots/proxy",Apache-2.0
core,"github.com/containerd/containerd/sys",Apache-2.0
core,"github.com/containerd/containerd/version",Apache-2.0
core,"github.com/containerd/continuity/fs",Apache-2.0
core,"github.com/containerd/continuity/syscallx",Apache-2.0
core,"github.com/containerd/continuity/sysx",Apache-2.0
core,"github.com/containerd/fifo",Apache-2.0
core,"github.com/containerd/typeurl",Apache-2.0
core,"github.com/coreos/etcd/auth/authpb",Apache-2.0
core,"github.com/coreos/etcd/clientv3",Apache-2.0
core,"github.com/coreos/etcd/clientv3/balancer",Apache-2.0
core,"github.com/coreos/etcd/clientv3/balancer/connectivity",Apache-2.0
core,"github.com/coreos/etcd/clientv3/balancer/picker",Apache-2.0
core,"github.com/coreos/etcd/clientv3/balancer/resolver/endpoint",Apache-2.0
core,"github.com/coreos/etcd/clientv3/credentials",Apache-2.0
core,"github.com/coreos/etcd/etcdserver/api/v3rpc/rpctypes",Apache-2.0
core,"github.com/coreos/etcd/etcdserver/etcdserverpb",Apache-2.0
core,"github.com/coreos/etcd/mvcc/mvccpb",Apache-2.0
core,"github.com/coreos/etcd/pkg/logutil",Apache-2.0
core,"github.com/coreos/etcd/pkg/systemd",Apache-2.0
core,"github.com/coreos/etcd/pkg/tlsutil",Apache-2.0
core,"github.com/coreos/etcd/pkg/transport",Apache-2.0
core,"github.com/coreos/etcd/pkg/types",Apache-2.0
core,"github.com/coreos/etcd/raft",Apache-2.0
core,"github.com/coreos/etcd/raft/raftpb",Apache-2.0
core,"github.com/coreos/go-semver/semver",Apache-2.0
core,"github.com/coreos/go-systemd/daemon",Apache-2.0
core,"github.com/coreos/go-systemd/dbus",Apache-2.0
core,"github.com/coreos/go-systemd/journal",Apache-2.0
core,"github.com/coreos/go-systemd/sdjournal",Apache-2.0
core,"github.com/coreos/pkg/capnslog",Apache-2.0
core,"github.com/coreos/pkg/dlopen",Apache-2.0
core,"github.com/davecgh/go-spew/spew",ISC
core,"github.com/dgryski/go-jump",MIT
core,"github.com/docker/distribution/digestset",Apache-2.0
core,"github.com/docker/distribution/reference",Apache-2.0
core,"github.com/docker/distribution/registry/api/errcode",Apache-2.0
core,"github.com/docker/docker/api",Apache-2.0
core,"github.com/docker/docker/api/types",Apache-2.0
core,"github.com/docker/docker/api/types/blkiodev",Apache-2.0
core,"github.com/docker/docker/api/types/container",Apache-2.0
core,"github.com/docker/docker/api/types/events",Apache-2.0
core,"github.com/docker/docker/api/types/filters",Apache-2.0
core,"github.com/docker/docker/api/types/image",Apache-2.0
core,"github.com/docker/docker/api/types/mount",Apache-2.0
core,"github.com/docker/docker/api/types/network",Apache-2.0
core,"github.com/docker/docker/api/types/registry",Apache-2.0
core,"github.com/docker/docker/api/types/strslice",Apache-2.0
core,"github.com/docker/docker/api/types/swarm",Apache-2.0
core,"github.com/docker/docker/api/types/swarm/runtime",Apache-2.0
core,"github.com/docker/docker/api/types/time",Apache-2.0
core,"github.com/docker/docker/api/types/versions",Apache-2.0
core,"github.com/docker/docker/api/types/volume",Apache-2.0
core,"github.com/docker/docker/client",Apache-2.0
core,"github.com/docker/docker/errdefs",Apache-2.0
core,"github.com/docker/docker/pkg/parsers",Apache-2.0
core,"github.com/docker/docker/pkg/sysinfo",Apache-2.0
core,"github.com/docker/go-connections/nat",Apache-2.0
core,"github.com/docker/go-connections/sockets",Apache-2.0
core,"github.com/docker/go-connections/tlsconfig",Apache-2.0
core,"github.com/docker/go-events",Apache-2.0
core,"github.com/docker/go-units",Apache-2.0
core,"github.com/docker/spdystream",Apache-2.0
core,"github.com/docker/spdystream/spdy",Apache-2.0
core,"github.com/dsnet/compress",FreeBSD
core,"github.com/dsnet/compress/bzip2",FreeBSD
core,"github.com/dsnet/compress/bzip2/internal/sais",FreeBSD
core,"github.com/dsnet/compress/internal",FreeBSD
core,"github.com/dsnet/compress/internal/errors",FreeBSD
core,"github.com/dsnet/compress/internal/prefix",FreeBSD
core,"github.com/dustin/go-humanize",MIT
core,"github.com/elastic/go-libaudit",Apache-2.0
core,"github.com/elastic/go-libaudit/auparse",Apache-2.0
core,"github.com/elastic/go-libaudit/rule",Apache-2.0
core,"github.com/elastic/go-libaudit/rule/flags",Apache-2.0
core,"github.com/emicklei/go-restful",MIT
core,"github.com/emicklei/go-restful-swagger12",MIT
core,"github.com/emicklei/go-restful/log",MIT
core,"github.com/evanphx/json-patch",NewBSD
core,"github.com/fatih/color",MIT
core,"github.com/florianl/go-conntrack",MIT
core,"github.com/florianl/go-tc",MIT
core,"github.com/frapposelli/wwhrd",MIT
core,"github.com/freddierice/go-losetup",MIT
core,"github.com/fsnotify/fsnotify",NewBSD
core,"github.com/ghodss/yaml",MIT
core,"github.com/go-ini/ini",Apache-2.0
core,"github.com/go-ole/go-ole",MIT
core,"github.com/go-ole/go-ole/oleutil",MIT
core,"github.com/go-openapi/jsonpointer",Apache-2.0
core,"github.com/go-openapi/jsonreference",Apache-2.0
core,"github.com/go-openapi/spec",Apache-2.0
core,"github.com/go-openapi/swag",Apache-2.0
core,"github.com/gobwas/glob",MIT
core,"github.com/gobwas/glob/compiler",MIT
core,"github.com/gobwas/glob/match",MIT
core,"github.com/gobwas/glob/syntax",MIT
core,"github.com/gobwas/glob/syntax/ast",MIT
core,"github.com/gobwas/glob/syntax/lexer",MIT
core,"github.com/gobwas/glob/util/runes",MIT
core,"github.com/gobwas/glob/util/strings",MIT
core,"github.com/godbus/dbus",FreeBSD
core,"github.com/gogo/googleapis/google/rpc",Apache-2.0
core,"github.com/gogo/protobuf/gogoproto",NewBSD
core,"github.com/gogo/protobuf/jsonpb",NewBSD
core,"github.com/gogo/protobuf/proto",NewBSD
core,"github.com/gogo/protobuf/protoc-gen-gogo/descriptor",NewBSD
core,"github.com/gogo/protobuf/sortkeys",NewBSD
core,"github.com/gogo/protobuf/types",NewBSD
core,"github.com/golang/glog",Apache-2.0
core,"github.com/golang/groupcache/lru",Apache-2.0
core,"github.com/golang/protobuf/descriptor",NewBSD
core,"github.com/golang/protobuf/jsonpb",NewBSD
core,"github.com/golang/protobuf/proto",NewBSD
core,"github.com/golang/protobuf/protoc-gen-go",NewBSD
core,"github.com/golang/protobuf/protoc-gen-go/descriptor",NewBSD
core,"github.com/golang/protobuf/protoc-gen-go/generator",NewBSD
core,"github.com/golang/protobuf/protoc-gen-go/generator/internal/remap",NewBSD
core,"github.com/golang/protobuf/protoc-gen-go/grpc",NewBSD
core,"github.com/golang/protobuf/protoc-gen-go/plugin",NewBSD
core,"github.com/golang/protobuf/ptypes",NewBSD
core,"github.com/golang/protobuf/ptypes/any",NewBSD
core,"github.com/golang/protobuf/ptypes/duration",NewBSD
core,"github.com/golang/protobuf/ptypes/struct",NewBSD
core,"github.com/golang/protobuf/ptypes/timestamp",NewBSD
core,"github.com/golang/protobuf/ptypes/wrappers",NewBSD
core,"github.com/golang/snappy",NewBSD
core,"github.com/google/go-cmp/cmp",NewBSD
core,"github.com/google/go-cmp/cmp/internal/diff",NewBSD
core,"github.com/google/go-cmp/cmp/internal/flags",NewBSD
core,"github.com/google/go-cmp/cmp/internal/function",NewBSD
core,"github.com/google/go-cmp/cmp/internal/value",NewBSD
core,"github.com/google/gofuzz",Apache-2.0
core,"github.com/google/gopacket",NewBSD
core,"github.com/google/gopacket/afpacket",NewBSD
core,"github.com/google/gopacket/layers",NewBSD
core,"github.com/google/uuid",NewBSD
core,"github.com/googleapis/gnostic/OpenAPIv2",Apache-2.0
core,"github.com/googleapis/gnostic/compiler",Apache-2.0
core,"github.com/googleapis/gnostic/extensions",Apache-2.0
core,"github.com/gorilla/mux",NewBSD
core,"github.com/grpc-ecosystem/go-grpc-prometheus",Apache-2.0
core,"github.com/grpc-ecosystem/grpc-gateway/codegenerator",NewBSD
core,"github.com/grpc-ecosystem/grpc-gateway/internal",NewBSD
core,"github.com/grpc-ecosystem/grpc-gateway/protoc-gen-grpc-gateway",NewBSD
core,"github.com/grpc-ecosystem/grpc-gateway/protoc-gen-grpc-gateway/descriptor",NewBSD
core,"github.com/grpc-ecosystem/grpc-gateway/protoc-gen-grpc-gateway/generator",NewBSD
core,"github.com/grpc-ecosystem/grpc-gateway/protoc-gen-grpc-gateway/gengateway",NewBSD
core,"github.com/grpc-ecosystem/grpc-gateway/protoc-gen-grpc-gateway/httprule",NewBSD
core,"github.com/grpc-ecosystem/grpc-gateway/protoc-gen-swagger",NewBSD
core,"github.com/grpc-ecosystem/grpc-gateway/protoc-gen-swagger/genswagger",NewBSD
core,"github.com/grpc-ecosystem/grpc-gateway/protoc-gen-swagger/options",NewBSD
core,"github.com/grpc-ecosystem/grpc-gateway/runtime",NewBSD
core,"github.com/grpc-ecosystem/grpc-gateway/utilities",NewBSD
core,"github.com/hashicorp/consul/api",MPL-2.0
core,"github.com/hashicorp/errwrap",MPL-2.0
core,"github.com/hashicorp/go-cleanhttp",MPL-2.0
core,"github.com/hashicorp/go-hclog",MIT
core,"github.com/hashicorp/go-immutable-radix",MPL-2.0
core,"github.com/hashicorp/go-multierror",MPL-2.0
core,"github.com/hashicorp/go-rootcerts",MPL-2.0
core,"github.com/hashicorp/golang-lru",MPL-2.0
core,"github.com/hashicorp/golang-lru/simplelru",MPL-2.0
core,"github.com/hashicorp/hcl",MPL-2.0
core,"github.com/hashicorp/hcl/hcl/ast",MPL-2.0
core,"github.com/hashicorp/hcl/hcl/parser",MPL-2.0
core,"github.com/hashicorp/hcl/hcl/printer",MPL-2.0
core,"github.com/hashicorp/hcl/hcl/scanner",MPL-2.0
core,"github.com/hashicorp/hcl/hcl/strconv",MPL-2.0
core,"github.com/hashicorp/hcl/hcl/token",MPL-2.0
core,"github.com/hashicorp/hcl/json/parser",MPL-2.0
core,"github.com/hashicorp/hcl/json/scanner",MPL-2.0
core,"github.com/hashicorp/hcl/json/token",MPL-2.0
core,"github.com/hashicorp/serf/coordinate",MPL-2.0
core,"github.com/hectane/go-acl",MIT
core,"github.com/hectane/go-acl/api",MIT
core,"github.com/huandu/xstrings",MIT
core,"github.com/ianlancetaylor/cgosymbolizer",NewBSD
core,"github.com/imdario/mergo",NewBSD
core,"github.com/inconshreveable/mousetrap",Apache-2.0
core,"github.com/iovisor/gobpf/bcc",Apache-2.0
core,"github.com/iovisor/gobpf/elf",Apache-2.0
core,"github.com/iovisor/gobpf/pkg/bpffs",Apache-2.0
core,"github.com/iovisor/gobpf/pkg/cpuonline",Apache-2.0
core,"github.com/itchyny/astgen-go",MIT
core,"github.com/itchyny/gojq",MIT
core,"github.com/jmespath/go-jmespath",Apache-2.0
core,"github.com/json-iterator/go",MIT
core,"github.com/kardianos/osext",NewBSD
core,"github.com/konsorten/go-windows-terminal-sequences",MIT
core,"github.com/kubernetes-incubator/custom-metrics-apiserver/pkg/apiserver",Apache-2.0
core,"github.com/kubernetes-incubator/custom-metrics-apiserver/pkg/apiserver/endpoints/handlers",Apache-2.0
core,"github.com/kubernetes-incubator/custom-metrics-apiserver/pkg/apiserver/installer",Apache-2.0
core,"github.com/kubernetes-incubator/custom-metrics-apiserver/pkg/apiserver/registry/rest",Apache-2.0
core,"github.com/kubernetes-incubator/custom-metrics-apiserver/pkg/cmd",Apache-2.0
core,"github.com/kubernetes-incubator/custom-metrics-apiserver/pkg/cmd/server",Apache-2.0
core,"github.com/kubernetes-incubator/custom-metrics-apiserver/pkg/dynamicmapper",Apache-2.0
core,"github.com/kubernetes-incubator/custom-metrics-apiserver/pkg/provider",Apache-2.0
core,"github.com/kubernetes-incubator/custom-metrics-apiserver/pkg/registry/custom_metrics",Apache-2.0
core,"github.com/kubernetes-incubator/custom-metrics-apiserver/pkg/registry/external_metrics",Apache-2.0
core,"github.com/lestrrat-go/strftime",MIT
core,"github.com/lxn/walk",FreeBSD
core,"github.com/lxn/win",FreeBSD
core,"github.com/magiconair/properties",FreeBSD
core,"github.com/mailru/easyjson/buffer",MIT
core,"github.com/mailru/easyjson/jlexer",MIT
core,"github.com/mailru/easyjson/jwriter",MIT
core,"github.com/mattn/go-colorable",MIT
core,"github.com/mattn/go-isatty",MIT
core,"github.com/matttproud/golang_protobuf_extensions/pbutil",Apache-2.0
core,"github.com/mdlayher/netlink",MIT
core,"github.com/mdlayher/netlink/nlenc",MIT
core,"github.com/mholt/archiver",MIT
core,"github.com/miekg/dns",NewBSD
core,"github.com/mitchellh/copystructure",MIT
core,"github.com/mitchellh/go-homedir",MIT
core,"github.com/mitchellh/mapstructure",MIT
core,"github.com/mitchellh/reflectwalk",MIT
core,"github.com/moby/sys/mountinfo",Apache-2.0
core,"github.com/modern-go/concurrent",Apache-2.0
core,"github.com/modern-go/reflect2",Apache-2.0
core,"github.com/munnerz/goautoneg",NewBSD
core,"github.com/nwaples/rardecode",FreeBSD
core,"github.com/opencontainers/image-spec/identity",Apache-2.0
core,"github.com/opencontainers/image-spec/specs-go",Apache-2.0
core,"github.com/opencontainers/image-spec/specs-go/v1",Apache-2.0
core,"github.com/opencontainers/runc/libcontainer/cgroups",Apache-2.0
core,"github.com/opencontainers/runc/libcontainer/configs",Apache-2.0
core,"github.com/opencontainers/runc/libcontainer/system",Apache-2.0
core,"github.com/opencontainers/runc/libcontainer/user",Apache-2.0
core,"github.com/opencontainers/runtime-spec/specs-go",Apache-2.0
core,"github.com/openshift/api/quota/v1",Apache-2.0
core,"github.com/patrickmn/go-cache",MIT
core,"github.com/pborman/uuid",NewBSD
core,"github.com/pelletier/go-toml",MIT
core,"github.com/philhofer/fwd",MIT
core,"github.com/pierrec/lz4",NewBSD
core,"github.com/pierrec/lz4/internal/xxh32",NewBSD
core,"github.com/pkg/errors",FreeBSD
core,"github.com/pmezard/go-difflib/difflib",FreeBSD
core,"github.com/prometheus/client_golang/prometheus",Apache-2.0
core,"github.com/prometheus/client_golang/prometheus/internal",Apache-2.0
core,"github.com/prometheus/client_golang/prometheus/promhttp",Apache-2.0
core,"github.com/prometheus/client_model/go",Apache-2.0
core,"github.com/prometheus/common/expfmt",Apache-2.0
core,"github.com/prometheus/common/internal/bitbucket.org/ww/goautoneg",Apache-2.0
core,"github.com/prometheus/common/model",Apache-2.0
core,"github.com/prometheus/procfs",Apache-2.0
core,"github.com/prometheus/procfs/internal/fs",Apache-2.0
core,"github.com/prometheus/procfs/internal/util",Apache-2.0
core,"github.com/robfig/cron/v3",MIT
core,"github.com/samuel/go-zookeeper/zk",NewBSD
core,"github.com/shirou/gopsutil/cpu",NewBSD
core,"github.com/shirou/gopsutil/disk",NewBSD
core,"github.com/shirou/gopsutil/host",NewBSD
core,"github.com/shirou/gopsutil/internal/common",NewBSD
core,"github.com/shirou/gopsutil/load",NewBSD
core,"github.com/shirou/gopsutil/mem",NewBSD
core,"github.com/shirou/gopsutil/net",NewBSD
core,"github.com/shirou/gopsutil/process",NewBSD
core,"github.com/shirou/w32",FreeBSD
core,"github.com/sirupsen/logrus",MIT
core,"github.com/soniah/gosnmp",NewBSD
core,"github.com/spf13/afero",Apache-2.0
core,"github.com/spf13/afero/mem",Apache-2.0
core,"github.com/spf13/cast",MIT
core,"github.com/spf13/cobra",Apache-2.0
core,"github.com/spf13/jwalterweatherman",MIT
core,"github.com/spf13/pflag",NewBSD
core,"github.com/spf13/viper",MIT
core,"github.com/stretchr/objx",MIT
core,"github.com/stretchr/testify/assert",MIT
core,"github.com/stretchr/testify/mock",MIT
core,"github.com/stretchr/testify/require",MIT
core,"github.com/stretchr/testify/suite",MIT
core,"github.com/syndtr/gocapability/capability",FreeBSD
core,"github.com/tedsuo/rata",MIT
core,"github.com/tinylib/msgp/msgp",MIT
core,"github.com/twmb/murmur3",NewBSD
core,"github.com/ulikunitz/xz",FreeBSD
core,"github.com/ulikunitz/xz/internal/hash",FreeBSD
core,"github.com/ulikunitz/xz/internal/xlog",FreeBSD
core,"github.com/ulikunitz/xz/lzma",FreeBSD
core,"github.com/urfave/negroni",MIT
core,"github.com/vishvananda/netlink",Apache-2.0
core,"github.com/vishvananda/netlink/nl",Apache-2.0
core,"github.com/vishvananda/netns",Apache-2.0
core,"github.com/vito/go-sse/sse",Apache-2.0
core,"go.etcd.io/etcd/client",Apache-2.0
core,"go.etcd.io/etcd/pkg/pathutil",Apache-2.0
core,"go.etcd.io/etcd/pkg/srv",Apache-2.0
core,"go.etcd.io/etcd/pkg/types",Apache-2.0
core,"go.etcd.io/etcd/version",Apache-2.0
core,"go.opencensus.io/internal",Apache-2.0
core,"go.opencensus.io/trace",Apache-2.0
core,"go.opencensus.io/trace/internal",Apache-2.0
core,"go.opencensus.io/trace/tracestate",Apache-2.0
core,"go.uber.org/atomic",MIT
core,"go.uber.org/multierr",MIT
core,"go.uber.org/zap",MIT
core,"go.uber.org/zap/buffer",MIT
core,"go.uber.org/zap/internal/bufferpool",MIT
core,"go.uber.org/zap/internal/color",MIT
core,"go.uber.org/zap/internal/exit",MIT
core,"go.uber.org/zap/zapcore",MIT
core,"golang.org/x/crypto/cryptobyte",NewBSD
core,"golang.org/x/crypto/cryptobyte/asn1",NewBSD
core,"golang.org/x/crypto/ed25519",NewBSD
core,"golang.org/x/crypto/ed25519/internal/edwards25519",NewBSD
core,"golang.org/x/crypto/internal/subtle",NewBSD
core,"golang.org/x/crypto/nacl/secretbox",NewBSD
core,"golang.org/x/crypto/pbkdf2",NewBSD
core,"golang.org/x/crypto/poly1305",NewBSD
core,"golang.org/x/crypto/salsa20/salsa",NewBSD
core,"golang.org/x/crypto/scrypt",NewBSD
core,"golang.org/x/crypto/ssh/terminal",NewBSD
core,"golang.org/x/net/bpf",NewBSD
core,"golang.org/x/net/context",NewBSD
core,"golang.org/x/net/context/ctxhttp",NewBSD
core,"golang.org/x/net/http/httpguts",NewBSD
core,"golang.org/x/net/http2",NewBSD
core,"golang.org/x/net/http2/hpack",NewBSD
core,"golang.org/x/net/idna",NewBSD
core,"golang.org/x/net/internal/iana",NewBSD
core,"golang.org/x/net/internal/socket",NewBSD
core,"golang.org/x/net/internal/socks",NewBSD
core,"golang.org/x/net/internal/timeseries",NewBSD
core,"golang.org/x/net/ipv4",NewBSD
core,"golang.org/x/net/ipv6",NewBSD
core,"golang.org/x/net/proxy",NewBSD
core,"golang.org/x/net/trace",NewBSD
core,"golang.org/x/net/websocket",NewBSD
core,"golang.org/x/oauth2",NewBSD
core,"golang.org/x/oauth2/internal",NewBSD
core,"golang.org/x/sync/errgroup",NewBSD
core,"golang.org/x/sys/cpu",NewBSD
core,"golang.org/x/sys/internal/unsafeheader",NewBSD
core,"golang.org/x/sys/unix",NewBSD
core,"golang.org/x/sys/windows",NewBSD
core,"golang.org/x/sys/windows/registry",NewBSD
core,"golang.org/x/sys/windows/svc",NewBSD
core,"golang.org/x/sys/windows/svc/debug",NewBSD
core,"golang.org/x/sys/windows/svc/eventlog",NewBSD
core,"golang.org/x/sys/windows/svc/mgr",NewBSD
core,"golang.org/x/text/secure/bidirule",NewBSD
core,"golang.org/x/text/transform",NewBSD
core,"golang.org/x/text/unicode/bidi",NewBSD
core,"golang.org/x/text/unicode/norm",NewBSD
core,"golang.org/x/text/width",NewBSD
core,"golang.org/x/time/rate",NewBSD
core,"golang.org/x/tools/go/ast/astutil",NewBSD
core,"golang.org/x/tools/go/buildutil",NewBSD
core,"golang.org/x/tools/go/internal/cgo",NewBSD
core,"golang.org/x/tools/go/loader",NewBSD
core,"golang.org/x/xerrors",NewBSD
core,"golang.org/x/xerrors/internal",NewBSD
core,"gomodules.xyz/jsonpatch/v3",Apache-2.0
core,"gomodules.xyz/orderedmap",MIT
core,"google.golang.org/appengine/internal",Apache-2.0
core,"google.golang.org/appengine/internal/base",Apache-2.0
core,"google.golang.org/appengine/internal/datastore",Apache-2.0
core,"google.golang.org/appengine/internal/log",Apache-2.0
core,"google.golang.org/appengine/internal/remote_api",Apache-2.0
core,"google.golang.org/appengine/internal/urlfetch",Apache-2.0
core,"google.golang.org/appengine/urlfetch",Apache-2.0
core,"google.golang.org/genproto/googleapis/api/annotations",Apache-2.0
core,"google.golang.org/genproto/googleapis/api/httpbody",Apache-2.0
core,"google.golang.org/genproto/googleapis/rpc/status",Apache-2.0
core,"google.golang.org/genproto/protobuf/field_mask",Apache-2.0
core,"google.golang.org/grpc",Apache-2.0
core,"google.golang.org/grpc/attributes",Apache-2.0
core,"google.golang.org/grpc/backoff",Apache-2.0
core,"google.golang.org/grpc/balancer",Apache-2.0
core,"google.golang.org/grpc/balancer/base",Apache-2.0
core,"google.golang.org/grpc/balancer/roundrobin",Apache-2.0
core,"google.golang.org/grpc/binarylog/grpc_binarylog_v1",Apache-2.0
core,"google.golang.org/grpc/codes",Apache-2.0
core,"google.golang.org/grpc/connectivity",Apache-2.0
core,"google.golang.org/grpc/credentials",Apache-2.0
core,"google.golang.org/grpc/credentials/internal",Apache-2.0
core,"google.golang.org/grpc/encoding",Apache-2.0
core,"google.golang.org/grpc/encoding/proto",Apache-2.0
core,"google.golang.org/grpc/grpclog",Apache-2.0
core,"google.golang.org/grpc/health/grpc_health_v1",Apache-2.0
core,"google.golang.org/grpc/internal",Apache-2.0
core,"google.golang.org/grpc/internal/backoff",Apache-2.0
core,"google.golang.org/grpc/internal/balancerload",Apache-2.0
core,"google.golang.org/grpc/internal/binarylog",Apache-2.0
core,"google.golang.org/grpc/internal/buffer",Apache-2.0
core,"google.golang.org/grpc/internal/channelz",Apache-2.0
core,"google.golang.org/grpc/internal/envconfig",Apache-2.0
core,"google.golang.org/grpc/internal/grpcrand",Apache-2.0
core,"google.golang.org/grpc/internal/grpcsync",Apache-2.0
core,"google.golang.org/grpc/internal/resolver/dns",Apache-2.0
core,"google.golang.org/grpc/internal/resolver/passthrough",Apache-2.0
core,"google.golang.org/grpc/internal/syscall",Apache-2.0
core,"google.golang.org/grpc/internal/transport",Apache-2.0
core,"google.golang.org/grpc/keepalive",Apache-2.0
core,"google.golang.org/grpc/metadata",Apache-2.0
core,"google.golang.org/grpc/naming",Apache-2.0
core,"google.golang.org/grpc/peer",Apache-2.0
core,"google.golang.org/grpc/resolver",Apache-2.0
core,"google.golang.org/grpc/resolver/dns",Apache-2.0
core,"google.golang.org/grpc/resolver/passthrough",Apache-2.0
core,"google.golang.org/grpc/serviceconfig",Apache-2.0
core,"google.golang.org/grpc/stats",Apache-2.0
core,"google.golang.org/grpc/status",Apache-2.0
core,"google.golang.org/grpc/tap",Apache-2.0
core,"gopkg.in/Knetic/govaluate.v3",MIT
core,"gopkg.in/inf.v0",NewBSD
core,"gopkg.in/natefinch/lumberjack.v2",MIT
core,"gopkg.in/yaml.v2",Apache-2.0
core,"gopkg.in/zorkian/go-datadog-api.v2",NewBSD
core,"k8s.io/api/admission/v1",Apache-2.0
core,"k8s.io/api/admission/v1beta1",Apache-2.0
core,"k8s.io/api/admissionregistration/v1",Apache-2.0
core,"k8s.io/api/admissionregistration/v1beta1",Apache-2.0
core,"k8s.io/api/apps/v1",Apache-2.0
core,"k8s.io/api/apps/v1beta1",Apache-2.0
core,"k8s.io/api/apps/v1beta2",Apache-2.0
core,"k8s.io/api/auditregistration/v1alpha1",Apache-2.0
core,"k8s.io/api/authentication/v1",Apache-2.0
core,"k8s.io/api/authentication/v1beta1",Apache-2.0
core,"k8s.io/api/authorization/v1",Apache-2.0
core,"k8s.io/api/authorization/v1beta1",Apache-2.0
core,"k8s.io/api/autoscaling/v1",Apache-2.0
core,"k8s.io/api/autoscaling/v2beta1",Apache-2.0
core,"k8s.io/api/autoscaling/v2beta2",Apache-2.0
core,"k8s.io/api/batch/v1",Apache-2.0
core,"k8s.io/api/batch/v1beta1",Apache-2.0
core,"k8s.io/api/batch/v2alpha1",Apache-2.0
core,"k8s.io/api/certificates/v1beta1",Apache-2.0
core,"k8s.io/api/coordination/v1",Apache-2.0
core,"k8s.io/api/coordination/v1beta1",Apache-2.0
core,"k8s.io/api/core/v1",Apache-2.0
core,"k8s.io/api/discovery/v1alpha1",Apache-2.0
core,"k8s.io/api/events/v1beta1",Apache-2.0
core,"k8s.io/api/extensions/v1beta1",Apache-2.0
core,"k8s.io/api/networking/v1",Apache-2.0
core,"k8s.io/api/networking/v1beta1",Apache-2.0
core,"k8s.io/api/node/v1alpha1",Apache-2.0
core,"k8s.io/api/node/v1beta1",Apache-2.0
core,"k8s.io/api/policy/v1beta1",Apache-2.0
core,"k8s.io/api/rbac/v1",Apache-2.0
core,"k8s.io/api/rbac/v1alpha1",Apache-2.0
core,"k8s.io/api/rbac/v1beta1",Apache-2.0
core,"k8s.io/api/scheduling/v1",Apache-2.0
core,"k8s.io/api/scheduling/v1alpha1",Apache-2.0
core,"k8s.io/api/scheduling/v1beta1",Apache-2.0
core,"k8s.io/api/settings/v1alpha1",Apache-2.0
core,"k8s.io/api/storage/v1",Apache-2.0
core,"k8s.io/api/storage/v1alpha1",Apache-2.0
core,"k8s.io/api/storage/v1beta1",Apache-2.0
core,"k8s.io/apiextensions-apiserver/pkg/features",Apache-2.0
core,"k8s.io/apimachinery/pkg/api/equality",Apache-2.0
core,"k8s.io/apimachinery/pkg/api/errors",Apache-2.0
core,"k8s.io/apimachinery/pkg/api/meta",Apache-2.0
core,"k8s.io/apimachinery/pkg/api/resource",Apache-2.0
core,"k8s.io/apimachinery/pkg/api/validation",Apache-2.0
core,"k8s.io/apimachinery/pkg/api/validation/path",Apache-2.0
core,"k8s.io/apimachinery/pkg/apis/meta/internalversion",Apache-2.0
core,"k8s.io/apimachinery/pkg/apis/meta/v1",Apache-2.0
core,"k8s.io/apimachinery/pkg/apis/meta/v1/unstructured",Apache-2.0
core,"k8s.io/apimachinery/pkg/apis/meta/v1/validation",Apache-2.0
core,"k8s.io/apimachinery/pkg/apis/meta/v1beta1",Apache-2.0
core,"k8s.io/apimachinery/pkg/apis/meta/v1beta1/validation",Apache-2.0
core,"k8s.io/apimachinery/pkg/conversion",Apache-2.0
core,"k8s.io/apimachinery/pkg/conversion/queryparams",Apache-2.0
core,"k8s.io/apimachinery/pkg/fields",Apache-2.0
core,"k8s.io/apimachinery/pkg/labels",Apache-2.0
core,"k8s.io/apimachinery/pkg/runtime",Apache-2.0
core,"k8s.io/apimachinery/pkg/runtime/schema",Apache-2.0
core,"k8s.io/apimachinery/pkg/runtime/serializer",Apache-2.0
core,"k8s.io/apimachinery/pkg/runtime/serializer/json",Apache-2.0
core,"k8s.io/apimachinery/pkg/runtime/serializer/protobuf",Apache-2.0
core,"k8s.io/apimachinery/pkg/runtime/serializer/recognizer",Apache-2.0
core,"k8s.io/apimachinery/pkg/runtime/serializer/streaming",Apache-2.0
core,"k8s.io/apimachinery/pkg/runtime/serializer/versioning",Apache-2.0
core,"k8s.io/apimachinery/pkg/selection",Apache-2.0
core,"k8s.io/apimachinery/pkg/types",Apache-2.0
core,"k8s.io/apimachinery/pkg/util/cache",Apache-2.0
core,"k8s.io/apimachinery/pkg/util/clock",Apache-2.0
core,"k8s.io/apimachinery/pkg/util/diff",Apache-2.0
core,"k8s.io/apimachinery/pkg/util/errors",Apache-2.0
core,"k8s.io/apimachinery/pkg/util/framer",Apache-2.0
core,"k8s.io/apimachinery/pkg/util/httpstream",Apache-2.0
core,"k8s.io/apimachinery/pkg/util/httpstream/spdy",Apache-2.0
core,"k8s.io/apimachinery/pkg/util/intstr",Apache-2.0
core,"k8s.io/apimachinery/pkg/util/json",Apache-2.0
core,"k8s.io/apimachinery/pkg/util/mergepatch",Apache-2.0
core,"k8s.io/apimachinery/pkg/util/naming",Apache-2.0
core,"k8s.io/apimachinery/pkg/util/net",Apache-2.0
core,"k8s.io/apimachinery/pkg/util/rand",Apache-2.0
core,"k8s.io/apimachinery/pkg/util/remotecommand",Apache-2.0
core,"k8s.io/apimachinery/pkg/util/runtime",Apache-2.0
core,"k8s.io/apimachinery/pkg/util/sets",Apache-2.0
core,"k8s.io/apimachinery/pkg/util/strategicpatch",Apache-2.0
core,"k8s.io/apimachinery/pkg/util/uuid",Apache-2.0
core,"k8s.io/apimachinery/pkg/util/validation",Apache-2.0
core,"k8s.io/apimachinery/pkg/util/validation/field",Apache-2.0
core,"k8s.io/apimachinery/pkg/util/wait",Apache-2.0
core,"k8s.io/apimachinery/pkg/util/waitgroup",Apache-2.0
core,"k8s.io/apimachinery/pkg/util/yaml",Apache-2.0
core,"k8s.io/apimachinery/pkg/version",Apache-2.0
core,"k8s.io/apimachinery/pkg/watch",Apache-2.0
core,"k8s.io/apimachinery/third_party/forked/golang/json",Apache-2.0
core,"k8s.io/apimachinery/third_party/forked/golang/netutil",Apache-2.0
core,"k8s.io/apimachinery/third_party/forked/golang/reflect",Apache-2.0
core,"k8s.io/apiserver/pkg/admission",Apache-2.0
core,"k8s.io/apiserver/pkg/admission/configuration",Apache-2.0
core,"k8s.io/apiserver/pkg/admission/initializer",Apache-2.0
core,"k8s.io/apiserver/pkg/admission/metrics",Apache-2.0
core,"k8s.io/apiserver/pkg/admission/plugin/namespace/lifecycle",Apache-2.0
core,"k8s.io/apiserver/pkg/admission/plugin/webhook",Apache-2.0
core,"k8s.io/apiserver/pkg/admission/plugin/webhook/config",Apache-2.0
core,"k8s.io/apiserver/pkg/admission/plugin/webhook/config/apis/webhookadmission",Apache-2.0
core,"k8s.io/apiserver/pkg/admission/plugin/webhook/config/apis/webhookadmission/v1alpha1",Apache-2.0
core,"k8s.io/apiserver/pkg/admission/plugin/webhook/errors",Apache-2.0
core,"k8s.io/apiserver/pkg/admission/plugin/webhook/generic",Apache-2.0
core,"k8s.io/apiserver/pkg/admission/plugin/webhook/mutating",Apache-2.0
core,"k8s.io/apiserver/pkg/admission/plugin/webhook/namespace",Apache-2.0
core,"k8s.io/apiserver/pkg/admission/plugin/webhook/object",Apache-2.0
core,"k8s.io/apiserver/pkg/admission/plugin/webhook/request",Apache-2.0
core,"k8s.io/apiserver/pkg/admission/plugin/webhook/rules",Apache-2.0
core,"k8s.io/apiserver/pkg/admission/plugin/webhook/validating",Apache-2.0
core,"k8s.io/apiserver/pkg/apis/apiserver",Apache-2.0
core,"k8s.io/apiserver/pkg/apis/apiserver/install",Apache-2.0
core,"k8s.io/apiserver/pkg/apis/apiserver/v1alpha1",Apache-2.0
core,"k8s.io/apiserver/pkg/apis/audit",Apache-2.0
core,"k8s.io/apiserver/pkg/apis/audit/install",Apache-2.0
core,"k8s.io/apiserver/pkg/apis/audit/v1",Apache-2.0
core,"k8s.io/apiserver/pkg/apis/audit/v1alpha1",Apache-2.0
core,"k8s.io/apiserver/pkg/apis/audit/v1beta1",Apache-2.0
core,"k8s.io/apiserver/pkg/apis/audit/validation",Apache-2.0
core,"k8s.io/apiserver/pkg/apis/config",Apache-2.0
core,"k8s.io/apiserver/pkg/apis/config/v1",Apache-2.0
core,"k8s.io/apiserver/pkg/audit",Apache-2.0
core,"k8s.io/apiserver/pkg/audit/event",Apache-2.0
core,"k8s.io/apiserver/pkg/audit/policy",Apache-2.0
core,"k8s.io/apiserver/pkg/audit/util",Apache-2.0
core,"k8s.io/apiserver/pkg/authentication/authenticator",Apache-2.0
core,"k8s.io/apiserver/pkg/authentication/authenticatorfactory",Apache-2.0
core,"k8s.io/apiserver/pkg/authentication/group",Apache-2.0
core,"k8s.io/apiserver/pkg/authentication/request/anonymous",Apache-2.0
core,"k8s.io/apiserver/pkg/authentication/request/bearertoken",Apache-2.0
core,"k8s.io/apiserver/pkg/authentication/request/headerrequest",Apache-2.0
core,"k8s.io/apiserver/pkg/authentication/request/union",Apache-2.0
core,"k8s.io/apiserver/pkg/authentication/request/websocket",Apache-2.0
core,"k8s.io/apiserver/pkg/authentication/request/x509",Apache-2.0
core,"k8s.io/apiserver/pkg/authentication/serviceaccount",Apache-2.0
core,"k8s.io/apiserver/pkg/authentication/token/cache",Apache-2.0
core,"k8s.io/apiserver/pkg/authentication/token/tokenfile",Apache-2.0
core,"k8s.io/apiserver/pkg/authentication/user",Apache-2.0
core,"k8s.io/apiserver/pkg/authorization/authorizer",Apache-2.0
core,"k8s.io/apiserver/pkg/authorization/authorizerfactory",Apache-2.0
core,"k8s.io/apiserver/pkg/authorization/path",Apache-2.0
core,"k8s.io/apiserver/pkg/authorization/union",Apache-2.0
core,"k8s.io/apiserver/pkg/endpoints",Apache-2.0
core,"k8s.io/apiserver/pkg/endpoints/discovery",Apache-2.0
core,"k8s.io/apiserver/pkg/endpoints/filters",Apache-2.0
core,"k8s.io/apiserver/pkg/endpoints/handlers",Apache-2.0
core,"k8s.io/apiserver/pkg/endpoints/handlers/fieldmanager",Apache-2.0
core,"k8s.io/apiserver/pkg/endpoints/handlers/fieldmanager/internal",Apache-2.0
core,"k8s.io/apiserver/pkg/endpoints/handlers/negotiation",Apache-2.0
core,"k8s.io/apiserver/pkg/endpoints/handlers/responsewriters",Apache-2.0
core,"k8s.io/apiserver/pkg/endpoints/metrics",Apache-2.0
core,"k8s.io/apiserver/pkg/endpoints/openapi",Apache-2.0
core,"k8s.io/apiserver/pkg/endpoints/request",Apache-2.0
core,"k8s.io/apiserver/pkg/features",Apache-2.0
core,"k8s.io/apiserver/pkg/registry/generic",Apache-2.0
core,"k8s.io/apiserver/pkg/registry/generic/registry",Apache-2.0
core,"k8s.io/apiserver/pkg/registry/rest",Apache-2.0
core,"k8s.io/apiserver/pkg/server",Apache-2.0
core,"k8s.io/apiserver/pkg/server/egressselector",Apache-2.0
core,"k8s.io/apiserver/pkg/server/filters",Apache-2.0
core,"k8s.io/apiserver/pkg/server/healthz",Apache-2.0
core,"k8s.io/apiserver/pkg/server/httplog",Apache-2.0
core,"k8s.io/apiserver/pkg/server/mux",Apache-2.0
core,"k8s.io/apiserver/pkg/server/options",Apache-2.0
core,"k8s.io/apiserver/pkg/server/options/encryptionconfig",Apache-2.0
core,"k8s.io/apiserver/pkg/server/resourceconfig",Apache-2.0
core,"k8s.io/apiserver/pkg/server/routes",Apache-2.0
core,"k8s.io/apiserver/pkg/server/storage",Apache-2.0
core,"k8s.io/apiserver/pkg/storage",Apache-2.0
core,"k8s.io/apiserver/pkg/storage/cacher",Apache-2.0
core,"k8s.io/apiserver/pkg/storage/errors",Apache-2.0
core,"k8s.io/apiserver/pkg/storage/etcd3",Apache-2.0
core,"k8s.io/apiserver/pkg/storage/etcd3/metrics",Apache-2.0
core,"k8s.io/apiserver/pkg/storage/names",Apache-2.0
core,"k8s.io/apiserver/pkg/storage/storagebackend",Apache-2.0
core,"k8s.io/apiserver/pkg/storage/storagebackend/factory",Apache-2.0
core,"k8s.io/apiserver/pkg/storage/value",Apache-2.0
core,"k8s.io/apiserver/pkg/storage/value/encrypt/aes",Apache-2.0
core,"k8s.io/apiserver/pkg/storage/value/encrypt/envelope",Apache-2.0
core,"k8s.io/apiserver/pkg/storage/value/encrypt/envelope/v1beta1",Apache-2.0
core,"k8s.io/apiserver/pkg/storage/value/encrypt/identity",Apache-2.0
core,"k8s.io/apiserver/pkg/storage/value/encrypt/secretbox",Apache-2.0
core,"k8s.io/apiserver/pkg/util/dryrun",Apache-2.0
core,"k8s.io/apiserver/pkg/util/feature",Apache-2.0
core,"k8s.io/apiserver/pkg/util/flushwriter",Apache-2.0
core,"k8s.io/apiserver/pkg/util/openapi",Apache-2.0
core,"k8s.io/apiserver/pkg/util/webhook",Apache-2.0
core,"k8s.io/apiserver/pkg/util/wsstream",Apache-2.0
core,"k8s.io/apiserver/plugin/pkg/audit/buffered",Apache-2.0
core,"k8s.io/apiserver/plugin/pkg/audit/dynamic",Apache-2.0
core,"k8s.io/apiserver/plugin/pkg/audit/dynamic/enforced",Apache-2.0
core,"k8s.io/apiserver/plugin/pkg/audit/log",Apache-2.0
core,"k8s.io/apiserver/plugin/pkg/audit/truncate",Apache-2.0
core,"k8s.io/apiserver/plugin/pkg/audit/webhook",Apache-2.0
core,"k8s.io/apiserver/plugin/pkg/authenticator/token/webhook",Apache-2.0
core,"k8s.io/apiserver/plugin/pkg/authorizer/webhook",Apache-2.0
core,"k8s.io/autoscaler/vertical-pod-autoscaler/pkg/apis/autoscaling.k8s.io/v1",Apache-2.0
core,"k8s.io/autoscaler/vertical-pod-autoscaler/pkg/apis/autoscaling.k8s.io/v1beta1",Apache-2.0
core,"k8s.io/autoscaler/vertical-pod-autoscaler/pkg/apis/autoscaling.k8s.io/v1beta2",Apache-2.0
core,"k8s.io/autoscaler/vertical-pod-autoscaler/pkg/apis/poc.autoscaling.k8s.io/v1alpha1",Apache-2.0
core,"k8s.io/autoscaler/vertical-pod-autoscaler/pkg/client/clientset/versioned",Apache-2.0
core,"k8s.io/autoscaler/vertical-pod-autoscaler/pkg/client/clientset/versioned/scheme",Apache-2.0
core,"k8s.io/autoscaler/vertical-pod-autoscaler/pkg/client/clientset/versioned/typed/autoscaling.k8s.io/v1",Apache-2.0
core,"k8s.io/autoscaler/vertical-pod-autoscaler/pkg/client/clientset/versioned/typed/autoscaling.k8s.io/v1beta1",Apache-2.0
core,"k8s.io/autoscaler/vertical-pod-autoscaler/pkg/client/clientset/versioned/typed/autoscaling.k8s.io/v1beta2",Apache-2.0
core,"k8s.io/autoscaler/vertical-pod-autoscaler/pkg/client/clientset/versioned/typed/poc.autoscaling.k8s.io/v1alpha1",Apache-2.0
core,"k8s.io/client-go/discovery",Apache-2.0
core,"k8s.io/client-go/discovery/fake",Apache-2.0
core,"k8s.io/client-go/dynamic",Apache-2.0
core,"k8s.io/client-go/dynamic/fake",Apache-2.0
core,"k8s.io/client-go/informers",Apache-2.0
core,"k8s.io/client-go/informers/admissionregistration",Apache-2.0
core,"k8s.io/client-go/informers/admissionregistration/v1",Apache-2.0
core,"k8s.io/client-go/informers/admissionregistration/v1beta1",Apache-2.0
core,"k8s.io/client-go/informers/apps",Apache-2.0
core,"k8s.io/client-go/informers/apps/v1",Apache-2.0
core,"k8s.io/client-go/informers/apps/v1beta1",Apache-2.0
core,"k8s.io/client-go/informers/apps/v1beta2",Apache-2.0
core,"k8s.io/client-go/informers/auditregistration",Apache-2.0
core,"k8s.io/client-go/informers/auditregistration/v1alpha1",Apache-2.0
core,"k8s.io/client-go/informers/autoscaling",Apache-2.0
core,"k8s.io/client-go/informers/autoscaling/v1",Apache-2.0
core,"k8s.io/client-go/informers/autoscaling/v2beta1",Apache-2.0
core,"k8s.io/client-go/informers/autoscaling/v2beta2",Apache-2.0
core,"k8s.io/client-go/informers/batch",Apache-2.0
core,"k8s.io/client-go/informers/batch/v1",Apache-2.0
core,"k8s.io/client-go/informers/batch/v1beta1",Apache-2.0
core,"k8s.io/client-go/informers/batch/v2alpha1",Apache-2.0
core,"k8s.io/client-go/informers/certificates",Apache-2.0
core,"k8s.io/client-go/informers/certificates/v1beta1",Apache-2.0
core,"k8s.io/client-go/informers/coordination",Apache-2.0
core,"k8s.io/client-go/informers/coordination/v1",Apache-2.0
core,"k8s.io/client-go/informers/coordination/v1beta1",Apache-2.0
core,"k8s.io/client-go/informers/core",Apache-2.0
core,"k8s.io/client-go/informers/core/v1",Apache-2.0
core,"k8s.io/client-go/informers/discovery",Apache-2.0
core,"k8s.io/client-go/informers/discovery/v1alpha1",Apache-2.0
core,"k8s.io/client-go/informers/events",Apache-2.0
core,"k8s.io/client-go/informers/events/v1beta1",Apache-2.0
core,"k8s.io/client-go/informers/extensions",Apache-2.0
core,"k8s.io/client-go/informers/extensions/v1beta1",Apache-2.0
core,"k8s.io/client-go/informers/internalinterfaces",Apache-2.0
core,"k8s.io/client-go/informers/networking",Apache-2.0
core,"k8s.io/client-go/informers/networking/v1",Apache-2.0
core,"k8s.io/client-go/informers/networking/v1beta1",Apache-2.0
core,"k8s.io/client-go/informers/node",Apache-2.0
core,"k8s.io/client-go/informers/node/v1alpha1",Apache-2.0
core,"k8s.io/client-go/informers/node/v1beta1",Apache-2.0
core,"k8s.io/client-go/informers/policy",Apache-2.0
core,"k8s.io/client-go/informers/policy/v1beta1",Apache-2.0
core,"k8s.io/client-go/informers/rbac",Apache-2.0
core,"k8s.io/client-go/informers/rbac/v1",Apache-2.0
core,"k8s.io/client-go/informers/rbac/v1alpha1",Apache-2.0
core,"k8s.io/client-go/informers/rbac/v1beta1",Apache-2.0
core,"k8s.io/client-go/informers/scheduling",Apache-2.0
core,"k8s.io/client-go/informers/scheduling/v1",Apache-2.0
core,"k8s.io/client-go/informers/scheduling/v1alpha1",Apache-2.0
core,"k8s.io/client-go/informers/scheduling/v1beta1",Apache-2.0
core,"k8s.io/client-go/informers/settings",Apache-2.0
core,"k8s.io/client-go/informers/settings/v1alpha1",Apache-2.0
core,"k8s.io/client-go/informers/storage",Apache-2.0
core,"k8s.io/client-go/informers/storage/v1",Apache-2.0
core,"k8s.io/client-go/informers/storage/v1alpha1",Apache-2.0
core,"k8s.io/client-go/informers/storage/v1beta1",Apache-2.0
core,"k8s.io/client-go/kubernetes",Apache-2.0
core,"k8s.io/client-go/kubernetes/fake",Apache-2.0
core,"k8s.io/client-go/kubernetes/scheme",Apache-2.0
core,"k8s.io/client-go/kubernetes/typed/admissionregistration/v1",Apache-2.0
core,"k8s.io/client-go/kubernetes/typed/admissionregistration/v1/fake",Apache-2.0
core,"k8s.io/client-go/kubernetes/typed/admissionregistration/v1beta1",Apache-2.0
core,"k8s.io/client-go/kubernetes/typed/admissionregistration/v1beta1/fake",Apache-2.0
core,"k8s.io/client-go/kubernetes/typed/apps/v1",Apache-2.0
core,"k8s.io/client-go/kubernetes/typed/apps/v1/fake",Apache-2.0
core,"k8s.io/client-go/kubernetes/typed/apps/v1beta1",Apache-2.0
core,"k8s.io/client-go/kubernetes/typed/apps/v1beta1/fake",Apache-2.0
core,"k8s.io/client-go/kubernetes/typed/apps/v1beta2",Apache-2.0
core,"k8s.io/client-go/kubernetes/typed/apps/v1beta2/fake",Apache-2.0
core,"k8s.io/client-go/kubernetes/typed/auditregistration/v1alpha1",Apache-2.0
core,"k8s.io/client-go/kubernetes/typed/auditregistration/v1alpha1/fake",Apache-2.0
core,"k8s.io/client-go/kubernetes/typed/authentication/v1",Apache-2.0
core,"k8s.io/client-go/kubernetes/typed/authentication/v1/fake",Apache-2.0
core,"k8s.io/client-go/kubernetes/typed/authentication/v1beta1",Apache-2.0
core,"k8s.io/client-go/kubernetes/typed/authentication/v1beta1/fake",Apache-2.0
core,"k8s.io/client-go/kubernetes/typed/authorization/v1",Apache-2.0
core,"k8s.io/client-go/kubernetes/typed/authorization/v1/fake",Apache-2.0
core,"k8s.io/client-go/kubernetes/typed/authorization/v1beta1",Apache-2.0
core,"k8s.io/client-go/kubernetes/typed/authorization/v1beta1/fake",Apache-2.0
core,"k8s.io/client-go/kubernetes/typed/autoscaling/v1",Apache-2.0
core,"k8s.io/client-go/kubernetes/typed/autoscaling/v1/fake",Apache-2.0
core,"k8s.io/client-go/kubernetes/typed/autoscaling/v2beta1",Apache-2.0
core,"k8s.io/client-go/kubernetes/typed/autoscaling/v2beta1/fake",Apache-2.0
core,"k8s.io/client-go/kubernetes/typed/autoscaling/v2beta2",Apache-2.0
core,"k8s.io/client-go/kubernetes/typed/autoscaling/v2beta2/fake",Apache-2.0
core,"k8s.io/client-go/kubernetes/typed/batch/v1",Apache-2.0
core,"k8s.io/client-go/kubernetes/typed/batch/v1/fake",Apache-2.0
core,"k8s.io/client-go/kubernetes/typed/batch/v1beta1",Apache-2.0
core,"k8s.io/client-go/kubernetes/typed/batch/v1beta1/fake",Apache-2.0
core,"k8s.io/client-go/kubernetes/typed/batch/v2alpha1",Apache-2.0
core,"k8s.io/client-go/kubernetes/typed/batch/v2alpha1/fake",Apache-2.0
core,"k8s.io/client-go/kubernetes/typed/certificates/v1beta1",Apache-2.0
core,"k8s.io/client-go/kubernetes/typed/certificates/v1beta1/fake",Apache-2.0
core,"k8s.io/client-go/kubernetes/typed/coordination/v1",Apache-2.0
core,"k8s.io/client-go/kubernetes/typed/coordination/v1/fake",Apache-2.0
core,"k8s.io/client-go/kubernetes/typed/coordination/v1beta1",Apache-2.0
core,"k8s.io/client-go/kubernetes/typed/coordination/v1beta1/fake",Apache-2.0
core,"k8s.io/client-go/kubernetes/typed/core/v1",Apache-2.0
core,"k8s.io/client-go/kubernetes/typed/core/v1/fake",Apache-2.0
core,"k8s.io/client-go/kubernetes/typed/discovery/v1alpha1",Apache-2.0
core,"k8s.io/client-go/kubernetes/typed/discovery/v1alpha1/fake",Apache-2.0
core,"k8s.io/client-go/kubernetes/typed/events/v1beta1",Apache-2.0
core,"k8s.io/client-go/kubernetes/typed/events/v1beta1/fake",Apache-2.0
core,"k8s.io/client-go/kubernetes/typed/extensions/v1beta1",Apache-2.0
core,"k8s.io/client-go/kubernetes/typed/extensions/v1beta1/fake",Apache-2.0
core,"k8s.io/client-go/kubernetes/typed/networking/v1",Apache-2.0
core,"k8s.io/client-go/kubernetes/typed/networking/v1/fake",Apache-2.0
core,"k8s.io/client-go/kubernetes/typed/networking/v1beta1",Apache-2.0
core,"k8s.io/client-go/kubernetes/typed/networking/v1beta1/fake",Apache-2.0
core,"k8s.io/client-go/kubernetes/typed/node/v1alpha1",Apache-2.0
core,"k8s.io/client-go/kubernetes/typed/node/v1alpha1/fake",Apache-2.0
core,"k8s.io/client-go/kubernetes/typed/node/v1beta1",Apache-2.0
core,"k8s.io/client-go/kubernetes/typed/node/v1beta1/fake",Apache-2.0
core,"k8s.io/client-go/kubernetes/typed/policy/v1beta1",Apache-2.0
core,"k8s.io/client-go/kubernetes/typed/policy/v1beta1/fake",Apache-2.0
core,"k8s.io/client-go/kubernetes/typed/rbac/v1",Apache-2.0
core,"k8s.io/client-go/kubernetes/typed/rbac/v1/fake",Apache-2.0
core,"k8s.io/client-go/kubernetes/typed/rbac/v1alpha1",Apache-2.0
core,"k8s.io/client-go/kubernetes/typed/rbac/v1alpha1/fake",Apache-2.0
core,"k8s.io/client-go/kubernetes/typed/rbac/v1beta1",Apache-2.0
core,"k8s.io/client-go/kubernetes/typed/rbac/v1beta1/fake",Apache-2.0
core,"k8s.io/client-go/kubernetes/typed/scheduling/v1",Apache-2.0
core,"k8s.io/client-go/kubernetes/typed/scheduling/v1/fake",Apache-2.0
core,"k8s.io/client-go/kubernetes/typed/scheduling/v1alpha1",Apache-2.0
core,"k8s.io/client-go/kubernetes/typed/scheduling/v1alpha1/fake",Apache-2.0
core,"k8s.io/client-go/kubernetes/typed/scheduling/v1beta1",Apache-2.0
core,"k8s.io/client-go/kubernetes/typed/scheduling/v1beta1/fake",Apache-2.0
core,"k8s.io/client-go/kubernetes/typed/settings/v1alpha1",Apache-2.0
core,"k8s.io/client-go/kubernetes/typed/settings/v1alpha1/fake",Apache-2.0
core,"k8s.io/client-go/kubernetes/typed/storage/v1",Apache-2.0
core,"k8s.io/client-go/kubernetes/typed/storage/v1/fake",Apache-2.0
core,"k8s.io/client-go/kubernetes/typed/storage/v1alpha1",Apache-2.0
core,"k8s.io/client-go/kubernetes/typed/storage/v1alpha1/fake",Apache-2.0
core,"k8s.io/client-go/kubernetes/typed/storage/v1beta1",Apache-2.0
core,"k8s.io/client-go/kubernetes/typed/storage/v1beta1/fake",Apache-2.0
core,"k8s.io/client-go/listers/admissionregistration/v1",Apache-2.0
core,"k8s.io/client-go/listers/admissionregistration/v1beta1",Apache-2.0
core,"k8s.io/client-go/listers/apps/v1",Apache-2.0
core,"k8s.io/client-go/listers/apps/v1beta1",Apache-2.0
core,"k8s.io/client-go/listers/apps/v1beta2",Apache-2.0
core,"k8s.io/client-go/listers/auditregistration/v1alpha1",Apache-2.0
core,"k8s.io/client-go/listers/autoscaling/v1",Apache-2.0
core,"k8s.io/client-go/listers/autoscaling/v2beta1",Apache-2.0
core,"k8s.io/client-go/listers/autoscaling/v2beta2",Apache-2.0
core,"k8s.io/client-go/listers/batch/v1",Apache-2.0
core,"k8s.io/client-go/listers/batch/v1beta1",Apache-2.0
core,"k8s.io/client-go/listers/batch/v2alpha1",Apache-2.0
core,"k8s.io/client-go/listers/certificates/v1beta1",Apache-2.0
core,"k8s.io/client-go/listers/coordination/v1",Apache-2.0
core,"k8s.io/client-go/listers/coordination/v1beta1",Apache-2.0
core,"k8s.io/client-go/listers/core/v1",Apache-2.0
core,"k8s.io/client-go/listers/discovery/v1alpha1",Apache-2.0
core,"k8s.io/client-go/listers/events/v1beta1",Apache-2.0
core,"k8s.io/client-go/listers/extensions/v1beta1",Apache-2.0
core,"k8s.io/client-go/listers/networking/v1",Apache-2.0
core,"k8s.io/client-go/listers/networking/v1beta1",Apache-2.0
core,"k8s.io/client-go/listers/node/v1alpha1",Apache-2.0
core,"k8s.io/client-go/listers/node/v1beta1",Apache-2.0
core,"k8s.io/client-go/listers/policy/v1beta1",Apache-2.0
core,"k8s.io/client-go/listers/rbac/v1",Apache-2.0
core,"k8s.io/client-go/listers/rbac/v1alpha1",Apache-2.0
core,"k8s.io/client-go/listers/rbac/v1beta1",Apache-2.0
core,"k8s.io/client-go/listers/scheduling/v1",Apache-2.0
core,"k8s.io/client-go/listers/scheduling/v1alpha1",Apache-2.0
core,"k8s.io/client-go/listers/scheduling/v1beta1",Apache-2.0
core,"k8s.io/client-go/listers/settings/v1alpha1",Apache-2.0
core,"k8s.io/client-go/listers/storage/v1",Apache-2.0
core,"k8s.io/client-go/listers/storage/v1alpha1",Apache-2.0
core,"k8s.io/client-go/listers/storage/v1beta1",Apache-2.0
core,"k8s.io/client-go/pkg/apis/clientauthentication",Apache-2.0
core,"k8s.io/client-go/pkg/apis/clientauthentication/v1alpha1",Apache-2.0
core,"k8s.io/client-go/pkg/apis/clientauthentication/v1beta1",Apache-2.0
core,"k8s.io/client-go/pkg/version",Apache-2.0
core,"k8s.io/client-go/plugin/pkg/client/auth/exec",Apache-2.0
core,"k8s.io/client-go/rest",Apache-2.0
core,"k8s.io/client-go/rest/watch",Apache-2.0
core,"k8s.io/client-go/restmapper",Apache-2.0
core,"k8s.io/client-go/testing",Apache-2.0
core,"k8s.io/client-go/tools/auth",Apache-2.0
core,"k8s.io/client-go/tools/cache",Apache-2.0
core,"k8s.io/client-go/tools/clientcmd",Apache-2.0
core,"k8s.io/client-go/tools/clientcmd/api",Apache-2.0
core,"k8s.io/client-go/tools/clientcmd/api/latest",Apache-2.0
core,"k8s.io/client-go/tools/clientcmd/api/v1",Apache-2.0
core,"k8s.io/client-go/tools/leaderelection",Apache-2.0
core,"k8s.io/client-go/tools/leaderelection/resourcelock",Apache-2.0
core,"k8s.io/client-go/tools/metrics",Apache-2.0
core,"k8s.io/client-go/tools/pager",Apache-2.0
core,"k8s.io/client-go/tools/record",Apache-2.0
core,"k8s.io/client-go/tools/record/util",Apache-2.0
core,"k8s.io/client-go/tools/reference",Apache-2.0
core,"k8s.io/client-go/tools/remotecommand",Apache-2.0
core,"k8s.io/client-go/transport",Apache-2.0
core,"k8s.io/client-go/transport/spdy",Apache-2.0
core,"k8s.io/client-go/util/cert",Apache-2.0
core,"k8s.io/client-go/util/connrotation",Apache-2.0
core,"k8s.io/client-go/util/exec",Apache-2.0
core,"k8s.io/client-go/util/flowcontrol",Apache-2.0
core,"k8s.io/client-go/util/homedir",Apache-2.0
core,"k8s.io/client-go/util/keyutil",Apache-2.0
core,"k8s.io/client-go/util/retry",Apache-2.0
core,"k8s.io/client-go/util/workqueue",Apache-2.0
core,"k8s.io/cloud-provider",Apache-2.0
core,"k8s.io/component-base/cli/flag",Apache-2.0
core,"k8s.io/component-base/featuregate",Apache-2.0
core,"k8s.io/component-base/logs",Apache-2.0
core,"k8s.io/component-base/metrics",Apache-2.0
core,"k8s.io/component-base/metrics/legacyregistry",Apache-2.0
core,"k8s.io/component-base/version",Apache-2.0
core,"k8s.io/cri-api/pkg/apis/runtime/v1alpha2",Apache-2.0
core,"k8s.io/cri-api/pkg/apis/testing",Apache-2.0
core,"k8s.io/klog",Apache-2.0
core,"k8s.io/kube-openapi/pkg/builder",Apache-2.0
core,"k8s.io/kube-openapi/pkg/common",Apache-2.0
core,"k8s.io/kube-openapi/pkg/handler",Apache-2.0
core,"k8s.io/kube-openapi/pkg/schemaconv",Apache-2.0
core,"k8s.io/kube-openapi/pkg/util",Apache-2.0
core,"k8s.io/kube-openapi/pkg/util/proto",Apache-2.0
core,"k8s.io/kube-state-metrics/internal/store",Apache-2.0
core,"k8s.io/kube-state-metrics/pkg/allowdenylist",Apache-2.0
core,"k8s.io/kube-state-metrics/pkg/builder",Apache-2.0
core,"k8s.io/kube-state-metrics/pkg/builder/types",Apache-2.0
core,"k8s.io/kube-state-metrics/pkg/constant",Apache-2.0
core,"k8s.io/kube-state-metrics/pkg/listwatch",Apache-2.0
core,"k8s.io/kube-state-metrics/pkg/metric",Apache-2.0
core,"k8s.io/kube-state-metrics/pkg/metric_generator",Apache-2.0
core,"k8s.io/kube-state-metrics/pkg/metrics_store",Apache-2.0
core,"k8s.io/kube-state-metrics/pkg/options",Apache-2.0
core,"k8s.io/kube-state-metrics/pkg/sharding",Apache-2.0
core,"k8s.io/kube-state-metrics/pkg/watch",Apache-2.0
core,"k8s.io/kubernetes/pkg/api/legacyscheme",Apache-2.0
core,"k8s.io/kubernetes/pkg/api/v1/pod",Apache-2.0
core,"k8s.io/kubernetes/pkg/apis/apps",Apache-2.0
core,"k8s.io/kubernetes/pkg/apis/autoscaling",Apache-2.0
core,"k8s.io/kubernetes/pkg/apis/core",Apache-2.0
core,"k8s.io/kubernetes/pkg/apis/core/v1",Apache-2.0
core,"k8s.io/kubernetes/pkg/apis/scheduling",Apache-2.0
core,"k8s.io/kubernetes/pkg/features",Apache-2.0
core,"k8s.io/kubernetes/pkg/kubelet/checkpoint",Apache-2.0
core,"k8s.io/kubernetes/pkg/kubelet/checkpointmanager",Apache-2.0
core,"k8s.io/kubernetes/pkg/kubelet/checkpointmanager/checksum",Apache-2.0
core,"k8s.io/kubernetes/pkg/kubelet/checkpointmanager/errors",Apache-2.0
core,"k8s.io/kubernetes/pkg/kubelet/configmap",Apache-2.0
core,"k8s.io/kubernetes/pkg/kubelet/container",Apache-2.0
core,"k8s.io/kubernetes/pkg/kubelet/pod",Apache-2.0
core,"k8s.io/kubernetes/pkg/kubelet/remote/fake",Apache-2.0
core,"k8s.io/kubernetes/pkg/kubelet/secret",Apache-2.0
core,"k8s.io/kubernetes/pkg/kubelet/types",Apache-2.0
core,"k8s.io/kubernetes/pkg/kubelet/util",Apache-2.0
core,"k8s.io/kubernetes/pkg/kubelet/util/format",Apache-2.0
core,"k8s.io/kubernetes/pkg/kubelet/util/manager",Apache-2.0
core,"k8s.io/kubernetes/pkg/kubelet/util/store",Apache-2.0
core,"k8s.io/kubernetes/pkg/util/filesystem",Apache-2.0
core,"k8s.io/kubernetes/pkg/util/hash",Apache-2.0
core,"k8s.io/kubernetes/pkg/util/mount",Apache-2.0
core,"k8s.io/kubernetes/pkg/util/parsers",Apache-2.0
core,"k8s.io/kubernetes/pkg/volume",Apache-2.0
core,"k8s.io/kubernetes/pkg/volume/util/fs",Apache-2.0
core,"k8s.io/kubernetes/pkg/volume/util/fsquota",Apache-2.0
core,"k8s.io/kubernetes/pkg/volume/util/fsquota/common",Apache-2.0
core,"k8s.io/kubernetes/pkg/volume/util/hostutil",Apache-2.0
core,"k8s.io/kubernetes/pkg/volume/util/recyclerclient",Apache-2.0
core,"k8s.io/kubernetes/pkg/volume/util/subpath",Apache-2.0
core,"k8s.io/kubernetes/third_party/forked/golang/expansion",Apache-2.0
core,"k8s.io/metrics/pkg/apis/custom_metrics",Apache-2.0
core,"k8s.io/metrics/pkg/apis/custom_metrics/install",Apache-2.0
core,"k8s.io/metrics/pkg/apis/custom_metrics/v1beta1",Apache-2.0
core,"k8s.io/metrics/pkg/apis/custom_metrics/v1beta2",Apache-2.0
core,"k8s.io/metrics/pkg/apis/external_metrics",Apache-2.0
core,"k8s.io/metrics/pkg/apis/external_metrics/install",Apache-2.0
core,"k8s.io/metrics/pkg/apis/external_metrics/v1beta1",Apache-2.0
core,"k8s.io/utils/buffer",Apache-2.0
core,"k8s.io/utils/exec",Apache-2.0
core,"k8s.io/utils/integer",Apache-2.0
core,"k8s.io/utils/io",Apache-2.0
core,"k8s.io/utils/keymutex",Apache-2.0
core,"k8s.io/utils/net",Apache-2.0
core,"k8s.io/utils/nsenter",Apache-2.0
core,"k8s.io/utils/path",Apache-2.0
core,"k8s.io/utils/pointer",Apache-2.0
core,"k8s.io/utils/trace",Apache-2.0
core,"sigs.k8s.io/controller-runtime/pkg/runtime/scheme",Apache-2.0
core,"sigs.k8s.io/controller-runtime/pkg/scheme",Apache-2.0
core,"sigs.k8s.io/structured-merge-diff/fieldpath",Apache-2.0
core,"sigs.k8s.io/structured-merge-diff/merge",Apache-2.0
core,"sigs.k8s.io/structured-merge-diff/schema",Apache-2.0
core,"sigs.k8s.io/structured-merge-diff/typed",Apache-2.0
core,"sigs.k8s.io/structured-merge-diff/value",Apache-2.0
core,"sigs.k8s.io/yaml",MIT
core,go.opencensus.io,Apache-2.0
core,"github.com/vmihailenco/msgpack/v4",FreeBSD
core,"github.com/vmihailenco/msgpack/v4/codes",FreeBSD
core,"github.com/vmihailenco/tagparser",FreeBSD
core,"github.com/vmihailenco/tagparser/internal",FreeBSD
core,"github.com/vmihailenco/tagparser/internal/parser",FreeBSD
core,"google.golang.org/appengine",Apache-2.0
core,"google.golang.org/appengine/datastore",Apache-2.0
core,"google.golang.org/appengine/datastore/internal/cloudkey",Apache-2.0
core,"google.golang.org/appengine/datastore/internal/cloudpb",Apache-2.0
core,"google.golang.org/appengine/internal/app_identity",Apache-2.0
core,"google.golang.org/appengine/internal/modules",Apache-2.0
